UID	Assay	Assay Name	Sample	Age	Sex	Disease	Pathology	Disease-Gene	Gene	Mutation	Min pmd	pH
rimod27_BulkRNA	BulkRNA	BulkRNA	rimod27	58	Male	FTD	TDP	FTD.C9 (C9ORF72)	C9ORF72	C9orf72 Expansion	330	6.66
rimod38_BulkRNA	BulkRNA	BulkRNA	rimod38	64	Female	FTD	TDP	FTD.C9 (C9ORF72)	C9ORF72	C9orf72 Expansion	545	6.23
rimod11_BulkRNA	BulkRNA	BulkRNA	rimod11	60	Male	FTD	TDP	FTD.C9 (C9ORF72)	C9ORF72	C9orf72 Expansion	305	6.28
rimod39_BulkRNA	BulkRNA	BulkRNA	rimod39	59	Female	FTD	TDP	FTD.C9 (C9ORF72)	C9ORF72	C9orf72 Expansion	720	
rimod40_BulkRNA	BulkRNA	BulkRNA	rimod40	74	Female	FTD	TDP	FTD.C9 (C9ORF72)	C9ORF72	C9orf72 Expansion	310	6.15
rimod35_BulkRNA	BulkRNA	BulkRNA	rimod35	70	Female	FTD	TDP	FTD.C9 (C9ORF72)	C9ORF72	C9orf72 Expansion	280	6.64
rimod33_BulkRNA	BulkRNA	BulkRNA	rimod33	67	Female	FTD	TDP	FTD.C9 (C9ORF72)	C9ORF72	C9orf72 Expansion	405	6.29
rimod15_BulkRNA	BulkRNA	BulkRNA	rimod15	64	Male	FTD	TDP	FTD.C9 (C9ORF72)	C9ORF72	C9orf72 Expansion	275	6.25
rimod3_BulkRNA	BulkRNA	BulkRNA	rimod3	63	Male	FTD	TDP	FTD.C9 (C9ORF72)	C9ORF72	C9orf72 Expansion	285	6.45
rimod53_BulkRNA	BulkRNA	BulkRNA	rimod53	72	Female	FTD	TDP	FTD.C9 (C9ORF72)	C9ORF72	C9orf72 Expansion	290	6.25
rimod57_BulkRNA	BulkRNA	BulkRNA	rimod57	42	Female	FTD	TDP	FTD.C9 (C9ORF72)	C9ORF72	C9orf72 Expansion	345	6.93
rimod42_BulkRNA	BulkRNA	BulkRNA	rimod42	68	Female	FTD	TDP	FTD.C9 (C9ORF72)	C9ORF72	C9orf72 Expansion	410	6.77
rimod25_BulkRNA	BulkRNA	BulkRNA	rimod25	68	Male	FTD	TDP	FTD.C9 (C9ORF72)	C9ORF72	C9orf72 Expansion	260	6.25
rimod20_BulkRNA	BulkRNA	BulkRNA	rimod20	67	Female	FTD	TDP	FTD.C9 (C9ORF72)	C9ORF72	C9orf72 Expansion	144	
rimod10_BulkRNA	BulkRNA	BulkRNA	rimod10	41	Male	FTD	TDP	FTD.C9 (C9ORF72)	C9ORF72	C9orf72 Expansion (Hom)	475.2	
rimod8_BulkRNA	BulkRNA	BulkRNA	rimod8	62	Female	FTD	TDP	FTD.C9 (C9ORF72)	C9ORF72	C9orf72 Expansion	72	
rimod23_BulkRNA	BulkRNA	BulkRNA	rimod23	60	Male	FTD	TDP	FTD.C9 (C9ORF72)	C9ORF72	C9orf72 Expansion	288	
rimod66_BulkRNA	BulkRNA	BulkRNA	rimod66	52	Female	FTD	TDP	FTD.GRN	GRN	Control		
rimod31_BulkRNA	BulkRNA	BulkRNA	rimod31	66	Female	FTD	TDP	FTD.GRN	GRN	GRN(Gly300X)	315	6.45
rimod28_BulkRNA	BulkRNA	BulkRNA	rimod28	63	Male	FTD	TDP	FTD.GRN	GRN	Control	365	6.27
rimod29_BulkRNA	BulkRNA	BulkRNA	rimod29	76	Female	FTD	TDP	FTD.GRN	GRN	GRN(Ser82ValfsX174)	215	6.1
rimod24_BulkRNA	BulkRNA	BulkRNA	rimod24	52	Female	FTD	TDP	FTD.GRN	GRN	GRN(Ser82ValfsX174)	230	6.48
rimod2_BulkRNA	BulkRNA	BulkRNA	rimod2	69	Female	FTD	TDP	FTD.GRN	GRN	GRN(Gly125X)	325	6.44
rimod72_BulkRNA	BulkRNA	BulkRNA	rimod72	58	Male	FTD	TDP	FTD.GRN	GRN	GRN(Ser82ValfsX174)	360	6.19
rimod13_BulkRNA	BulkRNA	BulkRNA	rimod13	67	Female	FTD	TDP	FTD.GRN	GRN	GRN(Ser82ValfsX174)	255	6.2
rimod9_BulkRNA	BulkRNA	BulkRNA	rimod9	61	Male	FTD	TDP	FTD.GRN	GRN	Control	504	
rimod41_BulkRNA	BulkRNA	BulkRNA	rimod41	59	Male	FTD	TDP	FTD.GRN	GRN	Control	285	6.52
rimod49_BulkRNA	BulkRNA	BulkRNA	rimod49	74	Female	FTD	TDP	FTD.GRN	GRN	Control	720	
rimod18_BulkRNA	BulkRNA	BulkRNA	rimod18	66	Male	FTD	Tau	FTD.MAPT	MAPT	MAPT(P301L)	300	6.3
rimod55_BulkRNA	BulkRNA	BulkRNA	rimod55	63	Female	FTD	Tau	FTD.MAPT	MAPT	MAPT(L315R)	255	6.36
rimod61_BulkRNA	BulkRNA	BulkRNA	rimod61	63	Female	FTD	Tau	FTD.MAPT	MAPT	MAPT(G272V)	250	6.64
rimod59_BulkRNA	BulkRNA	BulkRNA	rimod59	75	Female	FTD	Tau	FTD.MAPT	MAPT	MAPT(R406V)	445	6.6
rimod5_BulkRNA	BulkRNA	BulkRNA	rimod5	46	Male	FTD	Tau	FTD.MAPT	MAPT	MAPT(P301L)	335	6.48
rimod43_BulkRNA	BulkRNA	BulkRNA	rimod43	66	Female	FTD	Tau	FTD.MAPT	MAPT	MAPT(P301L)	400	6.52
rimod34_BulkRNA	BulkRNA	BulkRNA	rimod34	54	Female	FTD	Tau	FTD.MAPT	MAPT	MAPT(G272V)	450	6.46
rimod37_BulkRNA	BulkRNA	BulkRNA	rimod37	49	Male	FTD	Tau	FTD.MAPT	MAPT	MAPT(G272V)	310	6.54
rimod62_BulkRNA	BulkRNA	BulkRNA	rimod62	68	Female	FTD	Tau	FTD.MAPT	MAPT	MAPT(L315R)	340	6.6
rimod68_BulkRNA	BulkRNA	BulkRNA	rimod68	52	Male	FTD	Tau	FTD.MAPT	MAPT	MAPT(P301L)	690	
rimod47_BulkRNA	BulkRNA	BulkRNA	rimod47	51	Male	FTD	Tau	FTD.MAPT	MAPT	MAPT(G272V)	265	6.1
rimod58_BulkRNA	BulkRNA	BulkRNA	rimod58	60	Male	FTD	Tau	FTD.MAPT	MAPT	MAPT(P301L)	323	6.3
rimod22_BulkRNA	BulkRNA	BulkRNA	rimod22	64	Female	FTD	Tau	FTD.MAPT	MAPT	MAPT(P301L)	450	5.91
rimod54_BulkRNA	BulkRNA	BulkRNA	rimod54	64	Male	FTD	Tau	FTD.MAPT	MAPT	MAPT(P301L)	385	6.38
rimod60_BulkRNA	BulkRNA	BulkRNA	rimod60	60	Male	FTD	Tau	FTD.MAPT	MAPT	MAPT(P301L)	280	6.45
rimod70_BulkRNA	BulkRNA	BulkRNA	rimod70	64	Female	FTD	Tau	FTD.MAPT	MAPT	MAPT(P301L)	310	6.4
rimod67_BulkRNA	BulkRNA	BulkRNA	rimod67	76	Female	FTD	Tau	FTD.MAPT	MAPT	MAPT(P301L)	380	
rimod19_BulkRNA	BulkRNA	BulkRNA	rimod19	91	Male	Control	Control	Control	Control	Control	480	6.26
rimod30_BulkRNA	BulkRNA	BulkRNA	rimod30	60	Female	Control	Control	Control	Control	Control	450	6.8
rimod51_BulkRNA	BulkRNA	BulkRNA	rimod51	89	Female	Control	Control	Control	Control	Control	370	6.36
rimod64_BulkRNA	BulkRNA	BulkRNA	rimod64	70	Male	Control	Control	Control	Control	Control	215	7.2
rimod16_BulkRNA	BulkRNA	BulkRNA	rimod16	83	Male	Control	Control	Control	Control	Control	345	6.35
rimod12_BulkRNA	BulkRNA	BulkRNA	rimod12	85	Female	Control	Control	Control	Control	Control	425	
rimod7_BulkRNA	BulkRNA	BulkRNA	rimod7	82	Male	Control	Control	Control	Control	Control	350	6.57
rimod48_BulkRNA	BulkRNA	BulkRNA	rimod48	49	Male	Control	Control	Control	Control	Control	375	6.23
rimod71_BulkRNA	BulkRNA	BulkRNA	rimod71	87	Female	Control	Control	Control	Control	Control	420	6.92
rimod32_BulkRNA	BulkRNA	BulkRNA	rimod32	76	Female	Control	Control	Control	Control	Control	435	6.87
rimod44_BulkRNA	BulkRNA	BulkRNA	rimod44	75	Female	Control	Control	Control	Control	Control	325	6.75
rimod65_BulkRNA	BulkRNA	BulkRNA	rimod65	84	Female	Control	Control	Control	Control	Control	355	6.1
rimod52_BulkRNA	BulkRNA	BulkRNA	rimod52	89	Female	Control	Control	Control	Control	Control	340	6.75
rimod36_BulkRNA	BulkRNA	BulkRNA	rimod36	84	Female	Control	Control	Control	Control	Control	336	6.68
rimod1_BulkRNA	BulkRNA	BulkRNA	rimod1	83	Female	Control	Control	Control	Control	Control	363	6.6
rimod56_BulkRNA	BulkRNA	BulkRNA	rimod56	88	Male	Control	Control	Control	Control	Control	340	7.3
rimod27_METHAR	METHAR	METHAR	rimod27	58	Male	FTD	TDP	FTD.C9 (C9ORF72)	C9ORF72	C9orf72 Expansion	330	6.66
rimod38_METHAR	METHAR	METHAR	rimod38	64	Female	FTD	TDP	FTD.C9 (C9ORF72)	C9ORF72	C9orf72 Expansion	545	6.23
rimod11_METHAR	METHAR	METHAR	rimod11	60	Male	FTD	TDP	FTD.C9 (C9ORF72)	C9ORF72	C9orf72 Expansion	305	6.28
rimod39_METHAR	METHAR	METHAR	rimod39	59	Female	FTD	TDP	FTD.C9 (C9ORF72)	C9ORF72	C9orf72 Expansion	720	
rimod40_METHAR	METHAR	METHAR	rimod40	74	Female	FTD	TDP	FTD.C9 (C9ORF72)	C9ORF72	C9orf72 Expansion	310	6.15
rimod35_METHAR	METHAR	METHAR	rimod35	70	Female	FTD	TDP	FTD.C9 (C9ORF72)	C9ORF72	C9orf72 Expansion	280	6.64
rimod33_METHAR	METHAR	METHAR	rimod33	67	Female	FTD	TDP	FTD.C9 (C9ORF72)	C9ORF72	C9orf72 Expansion	405	6.29
rimod15_METHAR	METHAR	METHAR	rimod15	64	Male	FTD	TDP	FTD.C9 (C9ORF72)	C9ORF72	C9orf72 Expansion	275	6.25
rimod3_METHAR	METHAR	METHAR	rimod3	63	Male	FTD	TDP	FTD.C9 (C9ORF72)	C9ORF72	C9orf72 Expansion	285	6.45
rimod53_METHAR	METHAR	METHAR	rimod53	72	Female	FTD	TDP	FTD.C9 (C9ORF72)	C9ORF72	C9orf72 Expansion	290	6.25
rimod57_METHAR	METHAR	METHAR	rimod57	42	Female	FTD	TDP	FTD.C9 (C9ORF72)	C9ORF72	C9orf72 Expansion	345	6.93
rimod42_METHAR	METHAR	METHAR	rimod42	68	Female	FTD	TDP	FTD.C9 (C9ORF72)	C9ORF72	C9orf72 Expansion	410	6.77
rimod25_METHAR	METHAR	METHAR	rimod25	68	Male	FTD	TDP	FTD.C9 (C9ORF72)	C9ORF72	C9orf72 Expansion	260	6.25
rimod20_METHAR	METHAR	METHAR	rimod20	67	Female	FTD	TDP	FTD.C9 (C9ORF72)	C9ORF72	C9orf72 Expansion	144	
rimod10_METHAR	METHAR	METHAR	rimod10	41	Male	FTD	TDP	FTD.C9 (C9ORF72)	C9ORF72	C9orf72 Expansion (Hom)	475.2	
rimod8_METHAR	METHAR	METHAR	rimod8	62	Female	FTD	TDP	FTD.C9 (C9ORF72)	C9ORF72	C9orf72 Expansion	72	
rimod23_METHAR	METHAR	METHAR	rimod23	60	Male	FTD	TDP	FTD.C9 (C9ORF72)	C9ORF72	C9orf72 Expansion	288	
rimod66_METHAR	METHAR	METHAR	rimod66	52	Female	FTD	TDP	FTD.GRN	GRN	Control		
rimod31_METHAR	METHAR	METHAR	rimod31	66	Female	FTD	TDP	FTD.GRN	GRN	GRN(Gly300X)	315	6.45
rimod28_METHAR	METHAR	METHAR	rimod28	63	Male	FTD	TDP	FTD.GRN	GRN	Control	365	6.27
rimod29_METHAR	METHAR	METHAR	rimod29	76	Female	FTD	TDP	FTD.GRN	GRN	GRN(Ser82ValfsX174)	215	6.1
rimod24_METHAR	METHAR	METHAR	rimod24	52	Female	FTD	TDP	FTD.GRN	GRN	GRN(Ser82ValfsX174)	230	6.48
rimod2_METHAR	METHAR	METHAR	rimod2	69	Female	FTD	TDP	FTD.GRN	GRN	GRN(Gly125X)	325	6.44
rimod72_METHAR	METHAR	METHAR	rimod72	58	Male	FTD	TDP	FTD.GRN	GRN	GRN(Ser82ValfsX174)	360	6.19
rimod13_METHAR	METHAR	METHAR	rimod13	67	Female	FTD	TDP	FTD.GRN	GRN	GRN(Ser82ValfsX174)	255	6.2
rimod9_METHAR	METHAR	METHAR	rimod9	61	Male	FTD	TDP	FTD.GRN	GRN	Control	504	
rimod41_METHAR	METHAR	METHAR	rimod41	59	Male	FTD	TDP	FTD.GRN	GRN	Control	285	6.52
rimod49_METHAR	METHAR	METHAR	rimod49	74	Female	FTD	TDP	FTD.GRN	GRN	Control	720	
rimod18_METHAR	METHAR	METHAR	rimod18	66	Male	FTD	Tau	FTD.MAPT	MAPT	MAPT(P301L)	300	6.3
rimod55_METHAR	METHAR	METHAR	rimod55	63	Female	FTD	Tau	FTD.MAPT	MAPT	MAPT(L315R)	255	6.36
rimod61_METHAR	METHAR	METHAR	rimod61	63	Female	FTD	Tau	FTD.MAPT	MAPT	MAPT(G272V)	250	6.64
rimod59_METHAR	METHAR	METHAR	rimod59	75	Female	FTD	Tau	FTD.MAPT	MAPT	MAPT(R406V)	445	6.6
rimod5_METHAR	METHAR	METHAR	rimod5	46	Male	FTD	Tau	FTD.MAPT	MAPT	MAPT(P301L)	335	6.48
rimod43_METHAR	METHAR	METHAR	rimod43	66	Female	FTD	Tau	FTD.MAPT	MAPT	MAPT(P301L)	400	6.52
rimod34_METHAR	METHAR	METHAR	rimod34	54	Female	FTD	Tau	FTD.MAPT	MAPT	MAPT(G272V)	450	6.46
rimod37_METHAR	METHAR	METHAR	rimod37	49	Male	FTD	Tau	FTD.MAPT	MAPT	MAPT(G272V)	310	6.54
rimod62_METHAR	METHAR	METHAR	rimod62	68	Female	FTD	Tau	FTD.MAPT	MAPT	MAPT(L315R)	340	6.6
rimod68_METHAR	METHAR	METHAR	rimod68	52	Male	FTD	Tau	FTD.MAPT	MAPT	MAPT(P301L)	690	
rimod47_METHAR	METHAR	METHAR	rimod47	51	Male	FTD	Tau	FTD.MAPT	MAPT	MAPT(G272V)	265	6.1
rimod58_METHAR	METHAR	METHAR	rimod58	60	Male	FTD	Tau	FTD.MAPT	MAPT	MAPT(P301L)	323	6.3
rimod22_METHAR	METHAR	METHAR	rimod22	64	Female	FTD	Tau	FTD.MAPT	MAPT	MAPT(P301L)	450	5.91
rimod54_METHAR	METHAR	METHAR	rimod54	64	Male	FTD	Tau	FTD.MAPT	MAPT	MAPT(P301L)	385	6.38
rimod60_METHAR	METHAR	METHAR	rimod60	60	Male	FTD	Tau	FTD.MAPT	MAPT	MAPT(P301L)	280	6.45
rimod70_METHAR	METHAR	METHAR	rimod70	64	Female	FTD	Tau	FTD.MAPT	MAPT	MAPT(P301L)	310	6.4
rimod67_METHAR	METHAR	METHAR	rimod67	76	Female	FTD	Tau	FTD.MAPT	MAPT	MAPT(P301L)	380	
rimod19_METHAR	METHAR	METHAR	rimod19	91	Male	Control	Control	Control	Control	Control	480	6.26
rimod30_METHAR	METHAR	METHAR	rimod30	60	Female	Control	Control	Control	Control	Control	450	6.8
rimod51_METHAR	METHAR	METHAR	rimod51	89	Female	Control	Control	Control	Control	Control	370	6.36
rimod64_METHAR	METHAR	METHAR	rimod64	70	Male	Control	Control	Control	Control	Control	215	7.2
rimod16_METHAR	METHAR	METHAR	rimod16	83	Male	Control	Control	Control	Control	Control	345	6.35
rimod12_METHAR	METHAR	METHAR	rimod12	85	Female	Control	Control	Control	Control	Control	425	
rimod7_METHAR	METHAR	METHAR	rimod7	82	Male	Control	Control	Control	Control	Control	350	6.57
rimod48_METHAR	METHAR	METHAR	rimod48	49	Male	Control	Control	Control	Control	Control	375	6.23
rimod71_METHAR	METHAR	METHAR	rimod71	87	Female	Control	Control	Control	Control	Control	420	6.92
rimod32_METHAR	METHAR	METHAR	rimod32	76	Female	Control	Control	Control	Control	Control	435	6.87
rimod44_METHAR	METHAR	METHAR	rimod44	75	Female	Control	Control	Control	Control	Control	325	6.75
rimod65_METHAR	METHAR	METHAR	rimod65	84	Female	Control	Control	Control	Control	Control	355	6.1
rimod52_METHAR	METHAR	METHAR	rimod52	89	Female	Control	Control	Control	Control	Control	340	6.75
rimod36_METHAR	METHAR	METHAR	rimod36	84	Female	Control	Control	Control	Control	Control	336	6.68
rimod1_METHAR	METHAR	METHAR	rimod1	83	Female	Control	Control	Control	Control	Control	363	6.6
rimod56_METHAR	METHAR	METHAR	rimod56	88	Male	Control	Control	Control	Control	Control	340	7.3
rimod27_SMALLRNA	SMALLRNA	SMALLRNA	rimod27	58	Male	FTD	TDP	FTD.C9 (C9ORF72)	C9ORF72	C9orf72 Expansion	330	6.66
rimod38_SMALLRNA	SMALLRNA	SMALLRNA	rimod38	64	Female	FTD	TDP	FTD.C9 (C9ORF72)	C9ORF72	C9orf72 Expansion	545	6.23
rimod11_SMALLRNA	SMALLRNA	SMALLRNA	rimod11	60	Male	FTD	TDP	FTD.C9 (C9ORF72)	C9ORF72	C9orf72 Expansion	305	6.28
rimod39_SMALLRNA	SMALLRNA	SMALLRNA	rimod39	59	Female	FTD	TDP	FTD.C9 (C9ORF72)	C9ORF72	C9orf72 Expansion	720	
rimod40_SMALLRNA	SMALLRNA	SMALLRNA	rimod40	74	Female	FTD	TDP	FTD.C9 (C9ORF72)	C9ORF72	C9orf72 Expansion	310	6.15
rimod35_SMALLRNA	SMALLRNA	SMALLRNA	rimod35	70	Female	FTD	TDP	FTD.C9 (C9ORF72)	C9ORF72	C9orf72 Expansion	280	6.64
rimod33_SMALLRNA	SMALLRNA	SMALLRNA	rimod33	67	Female	FTD	TDP	FTD.C9 (C9ORF72)	C9ORF72	C9orf72 Expansion	405	6.29
rimod15_SMALLRNA	SMALLRNA	SMALLRNA	rimod15	64	Male	FTD	TDP	FTD.C9 (C9ORF72)	C9ORF72	C9orf72 Expansion	275	6.25
rimod3_SMALLRNA	SMALLRNA	SMALLRNA	rimod3	63	Male	FTD	TDP	FTD.C9 (C9ORF72)	C9ORF72	C9orf72 Expansion	285	6.45
rimod53_SMALLRNA	SMALLRNA	SMALLRNA	rimod53	72	Female	FTD	TDP	FTD.C9 (C9ORF72)	C9ORF72	C9orf72 Expansion	290	6.25
rimod57_SMALLRNA	SMALLRNA	SMALLRNA	rimod57	42	Female	FTD	TDP	FTD.C9 (C9ORF72)	C9ORF72	C9orf72 Expansion	345	6.93
rimod42_SMALLRNA	SMALLRNA	SMALLRNA	rimod42	68	Female	FTD	TDP	FTD.C9 (C9ORF72)	C9ORF72	C9orf72 Expansion	410	6.77
rimod25_SMALLRNA	SMALLRNA	SMALLRNA	rimod25	68	Male	FTD	TDP	FTD.C9 (C9ORF72)	C9ORF72	C9orf72 Expansion	260	6.25
rimod20_SMALLRNA	SMALLRNA	SMALLRNA	rimod20	67	Female	FTD	TDP	FTD.C9 (C9ORF72)	C9ORF72	C9orf72 Expansion	144	
rimod10_SMALLRNA	SMALLRNA	SMALLRNA	rimod10	41	Male	FTD	TDP	FTD.C9 (C9ORF72)	C9ORF72	C9orf72 Expansion (Hom)	475.2	
rimod8_SMALLRNA	SMALLRNA	SMALLRNA	rimod8	62	Female	FTD	TDP	FTD.C9 (C9ORF72)	C9ORF72	C9orf72 Expansion	72	
rimod23_SMALLRNA	SMALLRNA	SMALLRNA	rimod23	60	Male	FTD	TDP	FTD.C9 (C9ORF72)	C9ORF72	C9orf72 Expansion	288	
rimod66_SMALLRNA	SMALLRNA	SMALLRNA	rimod66	52	Female	FTD	TDP	FTD.GRN	GRN	Control		
rimod31_SMALLRNA	SMALLRNA	SMALLRNA	rimod31	66	Female	FTD	TDP	FTD.GRN	GRN	GRN(Gly300X)	315	6.45
rimod28_SMALLRNA	SMALLRNA	SMALLRNA	rimod28	63	Male	FTD	TDP	FTD.GRN	GRN	Control	365	6.27
rimod29_SMALLRNA	SMALLRNA	SMALLRNA	rimod29	76	Female	FTD	TDP	FTD.GRN	GRN	GRN(Ser82ValfsX174)	215	6.1
rimod24_SMALLRNA	SMALLRNA	SMALLRNA	rimod24	52	Female	FTD	TDP	FTD.GRN	GRN	GRN(Ser82ValfsX174)	230	6.48
rimod2_SMALLRNA	SMALLRNA	SMALLRNA	rimod2	69	Female	FTD	TDP	FTD.GRN	GRN	GRN(Gly125X)	325	6.44
rimod72_SMALLRNA	SMALLRNA	SMALLRNA	rimod72	58	Male	FTD	TDP	FTD.GRN	GRN	GRN(Ser82ValfsX174)	360	6.19
rimod13_SMALLRNA	SMALLRNA	SMALLRNA	rimod13	67	Female	FTD	TDP	FTD.GRN	GRN	GRN(Ser82ValfsX174)	255	6.2
rimod9_SMALLRNA	SMALLRNA	SMALLRNA	rimod9	61	Male	FTD	TDP	FTD.GRN	GRN	Control	504	
rimod41_SMALLRNA	SMALLRNA	SMALLRNA	rimod41	59	Male	FTD	TDP	FTD.GRN	GRN	Control	285	6.52
rimod49_SMALLRNA	SMALLRNA	SMALLRNA	rimod49	74	Female	FTD	TDP	FTD.GRN	GRN	Control	720	
rimod18_SMALLRNA	SMALLRNA	SMALLRNA	rimod18	66	Male	FTD	Tau	FTD.MAPT	MAPT	MAPT(P301L)	300	6.3
rimod55_SMALLRNA	SMALLRNA	SMALLRNA	rimod55	63	Female	FTD	Tau	FTD.MAPT	MAPT	MAPT(L315R)	255	6.36
rimod61_SMALLRNA	SMALLRNA	SMALLRNA	rimod61	63	Female	FTD	Tau	FTD.MAPT	MAPT	MAPT(G272V)	250	6.64
rimod59_SMALLRNA	SMALLRNA	SMALLRNA	rimod59	75	Female	FTD	Tau	FTD.MAPT	MAPT	MAPT(R406V)	445	6.6
rimod5_SMALLRNA	SMALLRNA	SMALLRNA	rimod5	46	Male	FTD	Tau	FTD.MAPT	MAPT	MAPT(P301L)	335	6.48
rimod43_SMALLRNA	SMALLRNA	SMALLRNA	rimod43	66	Female	FTD	Tau	FTD.MAPT	MAPT	MAPT(P301L)	400	6.52
rimod34_SMALLRNA	SMALLRNA	SMALLRNA	rimod34	54	Female	FTD	Tau	FTD.MAPT	MAPT	MAPT(G272V)	450	6.46
rimod37_SMALLRNA	SMALLRNA	SMALLRNA	rimod37	49	Male	FTD	Tau	FTD.MAPT	MAPT	MAPT(G272V)	310	6.54
rimod62_SMALLRNA	SMALLRNA	SMALLRNA	rimod62	68	Female	FTD	Tau	FTD.MAPT	MAPT	MAPT(L315R)	340	6.6
rimod68_SMALLRNA	SMALLRNA	SMALLRNA	rimod68	52	Male	FTD	Tau	FTD.MAPT	MAPT	MAPT(P301L)	690	
rimod47_SMALLRNA	SMALLRNA	SMALLRNA	rimod47	51	Male	FTD	Tau	FTD.MAPT	MAPT	MAPT(G272V)	265	6.1
rimod58_SMALLRNA	SMALLRNA	SMALLRNA	rimod58	60	Male	FTD	Tau	FTD.MAPT	MAPT	MAPT(P301L)	323	6.3
rimod22_SMALLRNA	SMALLRNA	SMALLRNA	rimod22	64	Female	FTD	Tau	FTD.MAPT	MAPT	MAPT(P301L)	450	5.91
rimod54_SMALLRNA	SMALLRNA	SMALLRNA	rimod54	64	Male	FTD	Tau	FTD.MAPT	MAPT	MAPT(P301L)	385	6.38
rimod60_SMALLRNA	SMALLRNA	SMALLRNA	rimod60	60	Male	FTD	Tau	FTD.MAPT	MAPT	MAPT(P301L)	280	6.45
rimod70_SMALLRNA	SMALLRNA	SMALLRNA	rimod70	64	Female	FTD	Tau	FTD.MAPT	MAPT	MAPT(P301L)	310	6.4
rimod67_SMALLRNA	SMALLRNA	SMALLRNA	rimod67	76	Female	FTD	Tau	FTD.MAPT	MAPT	MAPT(P301L)	380	
rimod19_SMALLRNA	SMALLRNA	SMALLRNA	rimod19	91	Male	Control	Control	Control	Control	Control	480	6.26
rimod30_SMALLRNA	SMALLRNA	SMALLRNA	rimod30	60	Female	Control	Control	Control	Control	Control	450	6.8
rimod51_SMALLRNA	SMALLRNA	SMALLRNA	rimod51	89	Female	Control	Control	Control	Control	Control	370	6.36
rimod64_SMALLRNA	SMALLRNA	SMALLRNA	rimod64	70	Male	Control	Control	Control	Control	Control	215	7.2
rimod16_SMALLRNA	SMALLRNA	SMALLRNA	rimod16	83	Male	Control	Control	Control	Control	Control	345	6.35
rimod12_SMALLRNA	SMALLRNA	SMALLRNA	rimod12	85	Female	Control	Control	Control	Control	Control	425	
rimod7_SMALLRNA	SMALLRNA	SMALLRNA	rimod7	82	Male	Control	Control	Control	Control	Control	350	6.57
rimod48_SMALLRNA	SMALLRNA	SMALLRNA	rimod48	49	Male	Control	Control	Control	Control	Control	375	6.23
rimod71_SMALLRNA	SMALLRNA	SMALLRNA	rimod71	87	Female	Control	Control	Control	Control	Control	420	6.92
rimod32_SMALLRNA	SMALLRNA	SMALLRNA	rimod32	76	Female	Control	Control	Control	Control	Control	435	6.87
rimod44_SMALLRNA	SMALLRNA	SMALLRNA	rimod44	75	Female	Control	Control	Control	Control	Control	325	6.75
rimod65_SMALLRNA	SMALLRNA	SMALLRNA	rimod65	84	Female	Control	Control	Control	Control	Control	355	6.1
rimod52_SMALLRNA	SMALLRNA	SMALLRNA	rimod52	89	Female	Control	Control	Control	Control	Control	340	6.75
rimod36_SMALLRNA	SMALLRNA	SMALLRNA	rimod36	84	Female	Control	Control	Control	Control	Control	336	6.68
rimod1_SMALLRNA	SMALLRNA	SMALLRNA	rimod1	83	Female	Control	Control	Control	Control	Control	363	6.6
rimod56_SMALLRNA	SMALLRNA	SMALLRNA	rimod56	88	Male	Control	Control	Control	Control	Control	340	7.3